input,time
0,0
300,42081.1
600,94599.6
900,148228
1200,207781
1500,257512
1800,334576
2100,399880
2400,447224
2700,513140
3000,578494
3300,632302
3600,750156
3900,806148
4200,868021
4500,935263
4800,1.00988e+06
5100,1.10675e+06
5400,1.1567e+06
5700,1.31075e+06
6000,1.30946e+06
